title,link,article

�Si pudi�ramos cambiar el pasado...�. As� escribe Zelenski en un libro que re�ne sus discursos ,/ideas/2022-11-29/si-pudieramos-cambiar-el-pasado-asi-escribe-zelenski-en-un-libro-que-reune-sus-discursos.html,Ser�a la persona m�s feliz del mundo si el libro que tienes en las manos nunca se hubiera publicado. Si los discursos que pronunci� despu�s del 24 de febrero de 2022 nunca se hubieran escrito ni dicho y si los que di despu�s de la invasi�n nunca se hubieran escuchado ni le�do.

�Si pudi�ramos cambiar el pasado...�. As� escribe Zelenski en un libro que re�ne sus discursos ,/ideas/2022-11-29/si-pudieramos-cambiar-el-pasado-asi-escribe-zelenski-en-un-libro-que-reune-sus-discursos.html,Ser�a la persona m�s feliz del mundo si el libro que tienes en las manos nunca se hubiera publicado. Si los discursos que pronunci� despu�s del 24 de febrero de 2022 nunca se hubieran escrito ni dicho y si los que di despu�s de la invasi�n nunca se hubieran escuchado ni le�do.

�Si pudi�ramos cambiar el pasado...�. As� escribe Zelenski en un libro que re�ne sus discursos ,/ideas/2022-11-29/si-pudieramos-cambiar-el-pasado-asi-escribe-zelenski-en-un-libro-que-reune-sus-discursos.html,Ser�a la persona m�s feliz del mundo si el libro que tienes en las manos nunca se hubiera publicado. Si los discursos que pronunci� despu�s del 24 de febrero de 2022 nunca se hubieran escrito ni dicho y si los que di despu�s de la invasi�n nunca se hubieran escuchado ni le�do.

�Si pudi�ramos cambiar el pasado...�. As� escribe Zelenski en un libro que re�ne sus discursos ,/ideas/2022-11-29/si-pudieramos-cambiar-el-pasado-asi-escribe-zelenski-en-un-libro-que-reune-sus-discursos.html,Ser�a la persona m�s feliz del mundo si el libro que tienes en las manos nunca se hubiera publicado. Si los discursos que pronunci� despu�s del 24 de febrero de 2022 nunca se hubieran escrito ni dicho y si los que di despu�s de la invasi�n nunca se hubieran escuchado ni le�do.

�Si pudi�ramos cambiar el pasado...�. As� escribe Zelenski en un libro que re�ne sus discursos ,/ideas/2022-11-29/si-pudieramos-cambiar-el-pasado-asi-escribe-zelenski-en-un-libro-que-reune-sus-discursos.html,Ser�a la persona m�s feliz del mundo si el libro que tienes en las manos nunca se hubiera publicado. Si los discursos que pronunci� despu�s del 24 de febrero de 2022 nunca se hubieran escrito ni dicho y si los que di despu�s de la invasi�n nunca se hubieran escuchado ni le�do.

